[
{
  "pk": 1, 
  "model": "forum.forum", 
  "fields": {
    "title": "Fruitcake tradition"
  }
},
{
  "pk": 2, 
  "model": "forum.forum", 
  "fields": {
    "title": "Baking advice"
  }
},
{
  "pk": 3, 
  "model": "forum.forum", 
  "fields": {
    "title": "Fruitcake lore"
  }
},
{
  "pk": 4, 
  "model": "forum.forum", 
  "fields": {
    "title": "Fruitcake stories I have heard"
  }
},
{
  "pk": 5, 
  "model": "forum.forum", 
  "fields": {
    "title": "Feedback: please add..."
  }
},
{
  "pk": 6, 
  "model": "forum.forum", 
  "fields": {
    "title": "Feedback: please change..."
  }
},
{
  "pk": 7, 
  "model": "forum.forum", 
  "fields": {
    "title": "Feedback: please fix..."
  }
},
{
  "pk": 1, 
  "model": "forum.thread", 
  "fields": {
    "created": "2012-10-18T22:57:19.521Z", 
    "creator": 1, 
    "forum": 1, 
    "title": "what do we know about the history of fruitcake?"
  }
},
{
  "pk": 2, 
  "model": "forum.thread", 
  "fields": {
    "created": "2012-10-18T22:59:56.016Z", 
    "creator": 1, 
    "forum": 1, 
    "title": "Is German \"Stollen\" fruitcake?"
  }
},
{
  "pk": 3, 
  "model": "forum.thread", 
  "fields": {
    "created": "2012-10-20T23:45:15.142Z", 
    "creator": 11, 
    "forum": 2, 
    "title": "Recipes with quark"
  }
},
{
  "pk": 4, 
  "model": "forum.thread", 
  "fields": {
    "created": "2012-10-21T22:23:47.987Z", 
    "creator": 11, 
    "forum": 2, 
    "title": "Interesting shipment histories on Justfruitcake?"
  }
},
{
  "pk": 5, 
  "model": "forum.thread", 
  "fields": {
    "created": "2012-11-09T04:46:59.710Z", 
    "creator": 30, 
    "forum": 1, 
    "title": "Holiday baking for pet birds"
  }
},
{
  "pk": 6, 
  "model": "forum.thread", 
  "fields": {
    "created": "2012-11-11T21:06:54.978Z", 
    "creator": 30, 
    "forum": 3, 
    "title": "Origin of the \"there's only one fruitcake\" meme"
  }
},
{
  "pk": 7, 
  "model": "forum.thread", 
  "fields": {
    "created": "2012-12-09T08:35:07.232Z", 
    "creator": 56, 
    "forum": 5, 
    "title": "Want my fruitcake stash"
  }
},
{
  "pk": 8, 
  "model": "forum.thread", 
  "fields": {
    "created": "2013-09-25T00:30:11.187Z", 
    "creator": 30, 
    "forum": 1, 
    "title": "Frogs in the kitchen"
  }
},
{
  "pk": 9, 
  "model": "forum.thread", 
  "fields": {
    "created": "2013-10-12T00:45:39.739Z", 
    "creator": 30, 
    "forum": 1, 
    "title": "my new topic"
  }
},
{
  "pk": 10, 
  "model": "forum.thread", 
  "fields": {
    "created": "2013-10-12T01:11:17.747Z", 
    "creator": 30, 
    "forum": 1, 
    "title": "my new topic"
  }
},
{
  "pk": 1, 
  "model": "forum.post", 
  "fields": {
    "body": "Does Wikipedia have much on pre-20th century history of fruitcake giving as a tradition?", 
    "created": "2012-10-18T22:58:21.090Z", 
    "creator": 1, 
    "thread": 1, 
    "title": "19th-century fruitcake?"
  }
},
{
  "pk": 2, 
  "model": "forum.post", 
  "fields": {
    "body": "Not clear to me if there actually is fruit in Stollen or not? Does anybody know?", 
    "created": "2012-10-18T23:01:12.041Z", 
    "creator": 1, 
    "thread": 2, 
    "title": "Is there fruit in Stollen?"
  }
},
{
  "pk": 3, 
  "model": "forum.post", 
  "fields": {
    "body": "In German cooking culture, quark is used in many baking recipes.  Is there a good substitute, if quark is not available?", 
    "created": "2012-10-20T23:45:15.144Z", 
    "creator": 11, 
    "thread": 3, 
    "title": "Recipes with quark"
  }
},
{
  "pk": 5, 
  "model": "forum.post", 
  "fields": {
    "body": "Another question is recommendations for gram-based scales for baking for use with German recipes.", 
    "created": "2012-10-21T22:22:33.941Z", 
    "creator": 11, 
    "thread": 3, 
    "title": "Re: Recipes with quark"
  }
},
{
  "pk": 6, 
  "model": "forum.post", 
  "fields": {
    "body": "Which are some interesting shipment histories on Justfruitcake?", 
    "created": "2012-10-21T22:23:47.989Z", 
    "creator": 11, 
    "thread": 4, 
    "title": "Interesting shipment histories on Justfruitcake?"
  }
},
{
  "pk": 7, 
  "model": "forum.post", 
  "fields": {
    "body": "Don't think there is candied fruit -- just dried raisins.  See https://de.wikipedia.org/wiki/Christstollen", 
    "created": "2012-10-21T22:41:21.125Z", 
    "creator": 11, 
    "thread": 2, 
    "title": "Re: Is German \"Stollen\" fruitcake?"
  }
},
{
  "pk": 8, 
  "model": "forum.post", 
  "fields": {
    "body": "People typically make Stollen in a long loaf.", 
    "created": "2012-11-01T18:09:12.121Z", 
    "creator": 11, 
    "thread": 2, 
    "title": "Re: Is German \"Stollen\" fruitcake?"
  }
},
{
  "pk": 9, 
  "model": "forum.post", 
  "fields": {
    "body": "Which is better, Schwarzwalderkirschtorte or Stollen?", 
    "created": "2012-11-01T19:39:53.277Z", 
    "creator": 1, 
    "thread": 2, 
    "title": "Re: Is German \"Stollen\" fruitcake?"
  }
},
{
  "pk": 10, 
  "model": "forum.post", 
  "fields": {
    "body": "I'd like mine with a millet sprig, please.", 
    "created": "2012-11-05T06:58:43.027Z", 
    "creator": 28, 
    "thread": 2, 
    "title": "Re: Is German \"Stollen\" fruitcake?"
  }
},
{
  "pk": 11, 
  "model": "forum.post", 
  "fields": {
    "body": "Did the Romans make fruitcake?", 
    "created": "2012-11-06T01:06:04.112Z", 
    "creator": 29, 
    "thread": 1, 
    "title": "Re: what do we know about the history of fruitcake?"
  }
},
{
  "pk": 12, 
  "model": "forum.post", 
  "fields": {
    "body": "Well, there is Italian fruitcake now.", 
    "created": "2012-11-06T01:07:01.392Z", 
    "creator": 30, 
    "thread": 1, 
    "title": "Re: what do we know about the history of fruitcake?"
  }
},
{
  "pk": 13, 
  "model": "forum.post", 
  "fields": {
    "body": "Would you also find Stollen in Austria?", 
    "created": "2012-11-06T07:45:00.195Z", 
    "creator": 30, 
    "thread": 2, 
    "title": "Re: Is German \"Stollen\" fruitcake?"
  }
},
{
  "pk": 14, 
  "model": "forum.post", 
  "fields": {
    "body": "Why am I asking a bird?", 
    "created": "2012-11-06T07:58:13.233Z", 
    "creator": 30, 
    "thread": 2, 
    "title": "Re: Is German \"Stollen\" fruitcake?"
  }
},
{
  "pk": 15, 
  "model": "forum.post", 
  "fields": {
    "body": "I can now confirm that there is no Stollen in Corfu.  Pretty good ice cream, however.", 
    "created": "2012-11-06T18:58:55.275Z", 
    "creator": 30, 
    "thread": 2, 
    "title": "Re: Is German \"Stollen\" fruitcake?"
  }
},
{
  "pk": 16, 
  "model": "forum.post", 
  "fields": {
    "body": "Another reply by me?", 
    "created": "2012-11-06T19:00:34.261Z", 
    "creator": 30, 
    "thread": 2, 
    "title": "Re: Is German \"Stollen\" fruitcake?"
  }
},
{
  "pk": 17, 
  "model": "forum.post", 
  "fields": {
    "body": "Ok, let's see where our cruise ship goes next, maybe to the island of the fruitcakes, made famous in James Joyce's Ulysses, making a slight variation on the Homeric Odyssey in the island of the cyclops.", 
    "created": "2012-11-06T19:16:20.172Z", 
    "creator": 30, 
    "thread": 2, 
    "title": "Re: Is German \"Stollen\" fruitcake?"
  }
},
{
  "pk": 18, 
  "model": "forum.post", 
  "fields": {
    "body": "Any specialties?", 
    "created": "2012-11-09T04:46:59.717Z", 
    "creator": 30, 
    "thread": 5, 
    "title": "Holiday baking for pet birds"
  }
},
{
  "pk": 19, 
  "model": "forum.post", 
  "fields": {
    "body": "Does Stollen ever have icing on it?", 
    "created": "2012-11-09T06:54:13.186Z", 
    "creator": 37, 
    "thread": 2, 
    "title": "Re: Is German \"Stollen\" fruitcake?"
  }
},
{
  "pk": 20, 
  "model": "forum.post", 
  "fields": {
    "body": "Do your birds get something special for breakfast during the holidays? ", 
    "created": "2012-11-09T23:52:17.565Z", 
    "creator": 38, 
    "thread": 5, 
    "title": "Re: Holiday baking for pet birds"
  }
},
{
  "pk": 21, 
  "model": "forum.post", 
  "fields": {
    "body": "For the holidays, everyday our birds get a spray of millet with a little red bow tied around it.", 
    "created": "2012-11-11T20:46:16.292Z", 
    "creator": 30, 
    "thread": 5, 
    "title": "Re: Holiday baking for pet birds"
  }
},
{
  "pk": 22, 
  "model": "forum.post", 
  "fields": {
    "body": "\"A Short History of Fruitcake,\" Robert Sietsema, The Village Voice, 2002-11-19 (http://www.villagevoice.com/2002-11-19/restaurants/a-short-history-of-fruitcake/) refers to oft-cited quote from the late-night TV host, Johnny Carson: \"The worst gift is fruitcake. There is only one fruitcake in the entire world, and people keep sending it to each other.\"", 
    "created": "2012-11-11T21:06:54.998Z", 
    "creator": 30, 
    "thread": 6, 
    "title": "Origin of the \"there's only one fruitcake\" meme"
  }
},
{
  "pk": 23, 
  "model": "forum.post", 
  "fields": {
    "body": "Just an observation that I'd like some dried currants or raisins, please.", 
    "created": "2012-11-13T08:19:02.838Z", 
    "creator": 31, 
    "thread": 2, 
    "title": "Re: Is German \"Stollen\" fruitcake?"
  }
},
{
  "pk": 24, 
  "model": "forum.post", 
  "fields": {
    "body": "1 more vote for millet seed cake.", 
    "created": "2012-12-02T08:49:29.755Z", 
    "creator": 46, 
    "thread": 5, 
    "title": "Re: Holiday baking for pet birds"
  }
},
{
  "pk": 25, 
  "model": "forum.post", 
  "fields": {
    "body": "Can the fruitcakes people send me get added to my fruitcake page? And maybe instead of \"uploaded by ...\" it could say \"received from ...\"\r\n\r\nOh, and can I send fruitcakes to usernames in addition to email addresses?\r\n", 
    "created": "2012-12-09T08:35:07.287Z", 
    "creator": 56, 
    "thread": 7, 
    "title": "Want my fruitcake stash"
  }
},
{
  "pk": 26, 
  "model": "forum.post", 
  "fields": {
    "body": "Oh, and then have a comment thread on a fruitcake? So when my buddy sends me a fruitcake I can say \"nice fruitcake\" and so on... :)\r\n\r\nGood stuff!", 
    "created": "2012-12-09T08:40:12.550Z", 
    "creator": 56, 
    "thread": 7, 
    "title": "Re: Want my fruitcake stash"
  }
},
{
  "pk": 27, 
  "model": "forum.post", 
  "fields": {
    "body": "Sounds good!  Guess the more personal history that gets tied in, the better.  Still thrashing out the GeoIP part for now and, frankly, I get confused by the history, so will have to make more of a study of that.", 
    "created": "2012-12-11T05:36:42.702Z", 
    "creator": 11, 
    "thread": 7, 
    "title": "Re: Want my fruitcake stash"
  }
},
{
  "pk": 28, 
  "model": "forum.post", 
  "fields": {
    "body": "What about summer holidays, like 4th of July baking for pet birds?", 
    "created": "2013-06-17T22:32:04.343Z", 
    "creator": 30, 
    "thread": 5, 
    "title": "Re: Holiday baking for pet birds"
  }
},
{
  "pk": 29, 
  "model": "forum.post", 
  "fields": {
    "body": "Not a good idea.  Have those kids take the frogs to the pond.", 
    "created": "2013-09-25T00:30:11.192Z", 
    "creator": 30, 
    "thread": 8, 
    "title": "Frogs in the kitchen"
  }
},
{
  "pk": 30, 
  "model": "forum.post", 
  "fields": {
    "body": "Waiting for content", 
    "created": "2013-10-12T00:45:39.746Z", 
    "creator": 30, 
    "thread": 9, 
    "title": "my new topic"
  }
},
{
  "pk": 31, 
  "model": "forum.post", 
  "fields": {
    "body": "Waiting for content", 
    "created": "2013-10-12T01:11:17.754Z", 
    "creator": 30, 
    "thread": 10, 
    "title": "my new topic"
  }
},
{
  "pk": 1, 
  "model": "forum.userprofile", 
  "fields": {
    "shipments": 0, 
    "posts": 1, 
    "avatar": "images/343958592_0c391c5963_b_1.jpg", 
    "user": 1
  }
},
{
  "pk": 11, 
  "model": "forum.userprofile", 
  "fields": {
    "shipments": 17, 
    "posts": 7, 
    "avatar": "images/DSCF2722_2.JPG", 
    "user": 11
  }
},
{
  "pk": 16, 
  "model": "forum.userprofile", 
  "fields": {
    "shipments": 0, 
    "posts": 0, 
    "avatar": "images/cats_in_a_blankie_1.jpg", 
    "user": 16
  }
},
{
  "pk": 28, 
  "model": "forum.userprofile", 
  "fields": {
    "shipments": 13, 
    "posts": 1, 
    "avatar": "images/IMG_0201.JPG", 
    "user": 28
  }
},
{
  "pk": 29, 
  "model": "forum.userprofile", 
  "fields": {
    "shipments": 0, 
    "posts": 0, 
    "avatar": "", 
    "user": 29
  }
},
{
  "pk": 30, 
  "model": "forum.userprofile", 
  "fields": {
    "shipments": 26, 
    "posts": 8, 
    "avatar": "images/lindamagee_1347141991_24.jpg", 
    "user": 30
  }
},
{
  "pk": 31, 
  "model": "forum.userprofile", 
  "fields": {
    "shipments": 4, 
    "posts": 1, 
    "avatar": "images/IMG_0183.JPG", 
    "user": 31
  }
},
{
  "pk": 32, 
  "model": "forum.userprofile", 
  "fields": {
    "shipments": 0, 
    "posts": 0, 
    "avatar": "images/IMAG0276.jpg", 
    "user": 32
  }
},
{
  "pk": 34, 
  "model": "forum.userprofile", 
  "fields": {
    "shipments": 0, 
    "posts": 0, 
    "avatar": "images/Sweet_Pea_2007.jpg", 
    "user": 34
  }
},
{
  "pk": 35, 
  "model": "forum.userprofile", 
  "fields": {
    "shipments": 0, 
    "posts": 0, 
    "avatar": "images/216946907019878933_xBy1BhzU_b.jpg", 
    "user": 35
  }
},
{
  "pk": 37, 
  "model": "forum.userprofile", 
  "fields": {
    "shipments": 6, 
    "posts": 1, 
    "avatar": "images/193865958928961803_K9ktZ0xA_b_1.jpg", 
    "user": 37
  }
},
{
  "pk": 38, 
  "model": "forum.userprofile", 
  "fields": {
    "shipments": 0, 
    "posts": 1, 
    "avatar": "images/DSCF3837.JPG", 
    "user": 38
  }
},
{
  "pk": 39, 
  "model": "forum.userprofile", 
  "fields": {
    "shipments": 0, 
    "posts": 0, 
    "avatar": "images/Baby_with_Yellow_Dux.jpg", 
    "user": 39
  }
},
{
  "pk": 40, 
  "model": "forum.userprofile", 
  "fields": {
    "shipments": 0, 
    "posts": 0, 
    "avatar": "", 
    "user": 40
  }
},
{
  "pk": 42, 
  "model": "forum.userprofile", 
  "fields": {
    "shipments": 0, 
    "posts": 0, 
    "avatar": "", 
    "user": 42
  }
},
{
  "pk": 45, 
  "model": "forum.userprofile", 
  "fields": {
    "shipments": 0, 
    "posts": 0, 
    "avatar": "", 
    "user": 45
  }
},
{
  "pk": 46, 
  "model": "forum.userprofile", 
  "fields": {
    "shipments": 1, 
    "posts": 1, 
    "avatar": "images/IMG_0125.jpg", 
    "user": 46
  }
},
{
  "pk": 47, 
  "model": "forum.userprofile", 
  "fields": {
    "shipments": 0, 
    "posts": 0, 
    "avatar": "images/IMG_20121202_005825_1.jpg", 
    "user": 47
  }
},
{
  "pk": 48, 
  "model": "forum.userprofile", 
  "fields": {
    "shipments": 0, 
    "posts": 0, 
    "avatar": "", 
    "user": 48
  }
},
{
  "pk": 49, 
  "model": "forum.userprofile", 
  "fields": {
    "shipments": 0, 
    "posts": 0, 
    "avatar": "", 
    "user": 49
  }
},
{
  "pk": 50, 
  "model": "forum.userprofile", 
  "fields": {
    "shipments": 0, 
    "posts": 0, 
    "avatar": "", 
    "user": 50
  }
},
{
  "pk": 51, 
  "model": "forum.userprofile", 
  "fields": {
    "shipments": 0, 
    "posts": 0, 
    "avatar": "", 
    "user": 51
  }
},
{
  "pk": 52, 
  "model": "forum.userprofile", 
  "fields": {
    "shipments": 0, 
    "posts": 0, 
    "avatar": "images/54535845458309485_tnZNsn9z_c.jpg", 
    "user": 52
  }
},
{
  "pk": 53, 
  "model": "forum.userprofile", 
  "fields": {
    "shipments": 2, 
    "posts": 0, 
    "avatar": "images/dsc_0064.jpg", 
    "user": 53
  }
},
{
  "pk": 54, 
  "model": "forum.userprofile", 
  "fields": {
    "shipments": 0, 
    "posts": 0, 
    "avatar": "images/duckling_Lucy1.jpg", 
    "user": 54
  }
},
{
  "pk": 55, 
  "model": "forum.userprofile", 
  "fields": {
    "shipments": 11, 
    "posts": 0, 
    "avatar": "images/IMG_0422a.jpeg", 
    "user": 55
  }
},
{
  "pk": 56, 
  "model": "forum.userprofile", 
  "fields": {
    "shipments": 6, 
    "posts": 2, 
    "avatar": "images/logo.png", 
    "user": 56
  }
},
{
  "pk": 58, 
  "model": "forum.userprofile", 
  "fields": {
    "shipments": 3, 
    "posts": 0, 
    "avatar": "images/P1000192-2.JPG", 
    "user": 58
  }
},
{
  "pk": 59, 
  "model": "forum.userprofile", 
  "fields": {
    "shipments": 35, 
    "posts": 0, 
    "avatar": "images/DSCF3926.JPG", 
    "user": 59
  }
},
{
  "pk": 60, 
  "model": "forum.userprofile", 
  "fields": {
    "shipments": 1, 
    "posts": 0, 
    "avatar": "images/IMG_20120220_100656.jpg", 
    "user": 60
  }
},
{
  "pk": 61, 
  "model": "forum.userprofile", 
  "fields": {
    "shipments": 0, 
    "posts": 0, 
    "avatar": "", 
    "user": 61
  }
},
{
  "pk": 62, 
  "model": "forum.userprofile", 
  "fields": {
    "shipments": 0, 
    "posts": 0, 
    "avatar": "", 
    "user": 62
  }
},
{
  "pk": 63, 
  "model": "forum.userprofile", 
  "fields": {
    "shipments": 1, 
    "posts": 0, 
    "avatar": "", 
    "user": 63
  }
},
{
  "pk": 64, 
  "model": "forum.userprofile", 
  "fields": {
    "shipments": 0, 
    "posts": 0, 
    "avatar": "", 
    "user": 64
  }
},
{
  "pk": 65, 
  "model": "forum.userprofile", 
  "fields": {
    "shipments": 1, 
    "posts": 0, 
    "avatar": "", 
    "user": 65
  }
},
{
  "pk": 66, 
  "model": "forum.userprofile", 
  "fields": {
    "shipments": 1, 
    "posts": 0, 
    "avatar": "", 
    "user": 66
  }
},
{
  "pk": 67, 
  "model": "forum.userprofile", 
  "fields": {
    "shipments": 0, 
    "posts": 0, 
    "avatar": "", 
    "user": 67
  }
},
{
  "pk": 111, 
  "model": "forum.userprofile", 
  "fields": {
    "shipments": 0, 
    "posts": 0, 
    "avatar": "", 
    "user": 111
  }
},
{
  "pk": 112, 
  "model": "forum.userprofile", 
  "fields": {
    "shipments": 0, 
    "posts": 0, 
    "avatar": "", 
    "user": 112
  }
},
{
  "pk": 113, 
  "model": "forum.userprofile", 
  "fields": {
    "shipments": 0, 
    "posts": 0, 
    "avatar": "", 
    "user": 113
  }
},
{
  "pk": 114, 
  "model": "forum.userprofile", 
  "fields": {
    "shipments": 0, 
    "posts": 0, 
    "avatar": "", 
    "user": 114
  }
},
{
  "pk": 115, 
  "model": "forum.userprofile", 
  "fields": {
    "shipments": 0, 
    "posts": 0, 
    "avatar": "", 
    "user": 115
  }
}
]
